,loss,tp,fp,tn,fn,accuracy,precision,recall,auc,prc,parent_disease,gene_count,show_plots,use_class_weights,oversample,model_type
0,0.3072981834411621,67.0,1200.0,7242.0,10.0,0.8579645752906799,0.052880819886922836,0.8701298832893372,0.9423461556434631,0.5725354552268982,MESH:D019636,20,False,True,False,DNN
1,0.23867486417293549,77.0,918.0,7504.0,20.0,0.8898931741714478,0.07738693803548813,0.7938144207000732,0.944736659526825,0.6605697274208069,MESH:D019636,20,False,False,True,DNN
2,0.21941803395748138,72.0,1043.0,9162.0,17.0,0.8970273733139038,0.0645739883184433,0.8089887499809265,0.9470176696777344,0.5712037682533264,MESH:D019636,50,False,True,False,DNN
3,0.1639529913663864,87.0,1041.0,9151.0,15.0,0.8974159955978394,0.07712765783071518,0.8529411554336548,0.95244300365448,0.6161654591560364,MESH:D019636,50,False,False,True,DNN
